{"coef0": 0.0, "coefficients": [-11.910796270919791, 81.27153628769852, -560.6330354047192, 522.3821113642426, -155.00078166648203, 134.00075666525308, -10.109790975072945], "degree": 3.0, "gamma": 1.0, "intercepts": [8.083340402790693], "kernel": "rbf", "numColumnsC": 7, "numColumnsV": 1, "numRowsC": 1, "numRowsV": 7, "type": "SVR", "vectors": [1.6260521689935532, 0.5669752618062746, 0.18187230046859135, 0.08559258163338418, -0.7809408018865533, -0.9734843255538222, -1.5511944665712838]}